{"_type":"export","__export_format":4,"__export_date":"2023-10-05T13:33:45.037Z","__export_source":"insomnia.desktop.app:v2023.5.8","resources":[{"_id":"req_4f3a2c547a5f4a6e81fd9de91cffb906","parentId":"wrk_791bd24e3289417699cc254ac9d518d6","modified":1696510151909,"created":1696509571895,"url":"{{ _.base_url }}getLocation","name":"Get Location/Airports","description":"Get Location/Airports\nThis methods gives a listing of all available location and Airports by Country and city name and IATA codes","method":"POST","body":{},"parameters":[{"id":"pair_94ab6df29f0146309d102d6b5e87d78c","name":"","value":"","description":""}],"headers":[{"name":"Content-Type","value":"application/json"},{"name":"Accept","value":"application/json"},{"name":"Travelduqa-Version","value":"v1"}],"authentication":{"type":"bearer","token":"{{ _.base_token }}"},"metaSortKey":-1696509571895,"isPrivate":false,"settingStoreCookies":true,"settingSendCookies":true,"settingDisableRenderRequestBody":false,"settingEncodeUrl":true,"settingRebuildPath":true,"settingFollowRedirects":"global","_type":"request"},{"_id":"wrk_791bd24e3289417699cc254ac9d518d6","parentId":null,"modified":1693196267131,"created":1693196267131,"name":"Connection Methods","description":"","scope":"collection","_type":"workspace"},{"_id":"req_9e791d73ed51419282819146eae9bb2e","parentId":"wrk_791bd24e3289417699cc254ac9d518d6","modified":1696509263087,"created":1696508755168,"url":"{{ _.base_url }}getBookingChangeStatus","name":"Get Change Status","description":"Get Change Status\nThis method retrives the status of a change request made and total costing of the change.","method":"POST","body":{"mimeType":"application/json","text":"{\n\t\"change_id\":\"chg_asdasdasdsa\"\n}"},"parameters":[],"headers":[{"name":"Content-Type","value":"application/json"},{"name":"Accept","value":"application/json"},{"name":"Travelduqa-Version","value":"v1"}],"authentication":{"type":"bearer","token":"{{ _.base_token }}"},"metaSortKey":-1696508755168,"isPrivate":false,"settingStoreCookies":true,"settingSendCookies":true,"settingDisableRenderRequestBody":false,"settingEncodeUrl":true,"settingRebuildPath":true,"settingFollowRedirects":"global","_type":"request"},{"_id":"req_3a695d4f51544e29b501edb23d66cf7e","parentId":"wrk_791bd24e3289417699cc254ac9d518d6","modified":1696508063595,"created":1696507643611,"url":"{{ _.base_url }}bookingChange","name":"Create Booking Change","description":"Create A booking Change Request.\nThis metthods request a change on the booking made, Name, Route, Date, Time and Passenger addition.\nOrder id must be defined and existing","method":"POST","body":{"mimeType":"application/json","text":"{\n        \"order_id\":\"ord_0000AYbudxltIt7H6DRqkK\",\n        \"change_request\":[\n            {\n                \"type_of_change\":\"airline_change\",\n                \"change_data\":{\n                    \"new_airline\":\"JamboJet\"\n                }\n            },\n            {\n                \"type_of_change\":\"cabin_class_change\",\n                \"change_data\":{\n                    \"new_cabin_class\":\"premium_economy\"\n                }\n            },\n            {\n                \"type_of_change\":\"route_change\",\n                \"change_data\":{\n                    \"departure_trip\":{\n                        \"from\":\"NBO\",\n                        \"to\":\"MBA\"\n                    },\n                    \"return_trip\":{\n                        \"from\":\"MBA\",\n                        \"to\":\"NBO\"\n                    }\n                }\n            },\n            {\n                \"type_of_change\":\"date_change\",\n                \"change_data\":{\n                    \"departure_trip\":{\n                        \"new_date\":\"2023-08-08\"\n                    },\n                    \"return_trip\":{\n                        \"new_date\":\"2023-08-10\"\n                    }\n                }\n            },\n            {\n                \"type_of_change\":\"time_change\",\n                \"change_data\":{\n                    \"departure_trip\":{\n                        \"new_time\":\"10:00\"\n                    },\n                    \"return_trip\":{\n                        \"new_time\":\"11:00\"\n                    }\n                }\n            },\n            {\n                \"type_of_change\":\"passenger_change\",\n                \"change_data\":{\n                    \"passenger_details\":[\n                        {\n                            \"passenger\":{\n                                \"given_name\":\"Brian\",\n                                \"family_name\":\"Barasa\"\n                            },\n                            \"new_details\":{\n                                \"title\":\"Mr\",\n                                \"given_name\":\"Kevin\",\n                                \"family_name\":\"Barasa\",\n                                \"gender\":\"male\"\n                            }\n                        }\n                    ],\n                    \"remove_passengers\":[\n                        {\n                            \"passenger\":{\n                                \"given_name\":\"Jane\",\n                                \"family_name\":\"Barasa\"\n                            }\n                        }\n                    ],\n                    \"add_passengers\":[\n                        {\n                            \"title\":\"Mrs\",\n                            \"given_name\":\"Sarah\",\n                            \"family_name\":\"Barasa\",\n                            \"gender\":\"female\",\n                            \"type\":\"adult\",\n                            \"born_on\":\"2000-09-03\",\n                            \"phone_code\":\"+254\",\n                            \"phone_number\":\"706242639\",\n                            \"email\":\"barasabwb17@gmail.com\"\n                        },\n                        {\n                            \"title\":\"Miss\",\n                            \"given_name\":\"Baby\",\n                            \"family_name\":\"Barasa\",\n                            \"gender\":\"female\",\n                            \"type\":\"infant_without_seat\",\n                            \"born_on\":\"2022-09-03\"\n                        },\n                        {\n                            \"title\":\"Mr\",\n                            \"given_name\":\"Child\",\n                            \"family_name\":\"Barasa\",\n                            \"gender\":\"male\",\n                            \"type\":\"child\",\n                            \"born_on\":\"2016-09-03\"\n                        }\n                    ]\n                }\n            }\n        ]\n    }"},"parameters":[],"headers":[{"name":"Content-Type","value":"application/json"},{"name":"Accept","value":"application/json"},{"name":"Travelduqa-Version","value":"v1"}],"authentication":{"type":"bearer","token":"{{ _.base_token }}"},"metaSortKey":-1696507643611,"isPrivate":false,"settingStoreCookies":true,"settingSendCookies":true,"settingDisableRenderRequestBody":false,"settingEncodeUrl":true,"settingRebuildPath":true,"settingFollowRedirects":"global","_type":"request"},{"_id":"req_0656c368e20a4ea4a675bad64081da1a","parentId":"wrk_791bd24e3289417699cc254ac9d518d6","modified":1696507420168,"created":1696507330767,"url":"{{ _.base_url }}getWalletStatus","name":"Get Wallet Status","description":"Get Wallet Status\nRetrives wallet information and balance remaining","method":"GET","body":{},"parameters":[],"headers":[{"name":"Content-Type","value":"application/json"},{"name":"Accept","value":"application/json"},{"name":"Travelduqa-Version","value":"v1"}],"authentication":{"type":"bearer","token":"{{ _.base_token }}"},"metaSortKey":-1696507330767,"isPrivate":false,"settingStoreCookies":true,"settingSendCookies":true,"settingDisableRenderRequestBody":false,"settingEncodeUrl":true,"settingRebuildPath":true,"settingFollowRedirects":"global","_type":"request"},{"_id":"req_a7b418f0dd8945d198d570d42d3af3fd","parentId":"wrk_791bd24e3289417699cc254ac9d518d6","modified":1696507194461,"created":1696506253876,"url":"{{ _.base_url }}getWalletTrasactions","name":"Get Wallet Transactions","description":"Get Wallet Transactions\nThis methods retrives all trasactions conducted on a specific wallet","method":"GET","body":{},"parameters":[],"headers":[{"name":"Content-Type","value":"application/json"},{"name":"Accept","value":"application/json"},{"name":"Travelduqa-Version","value":"v1"}],"authentication":{"type":"bearer","token":"{{ _.base_token }}"},"metaSortKey":-1696506253876,"isPrivate":false,"settingStoreCookies":true,"settingSendCookies":true,"settingDisableRenderRequestBody":false,"settingEncodeUrl":true,"settingRebuildPath":true,"settingFollowRedirects":"global","_type":"request"},{"_id":"req_ca2114cf98a642b2a8a2437bc1fc4b22","parentId":"wrk_791bd24e3289417699cc254ac9d518d6","modified":1696505805046,"created":1696505438488,"url":"{{ _.base_url }}updateBookingState","name":"Update Booking State","description":"Update Booking State\nThis method is used to complete payment of a held booking.\nPUT method is required as it used to update the state of a booking","method":"PUT","body":{"mimeType":"application/json","text":"{\n\t\t\"id\": \"{{ _.order_id }}\",\n\t\t\"payments\": {\n\t\t\t\t\"type\": \"balance\"\n\t\t}\n}"},"parameters":[],"headers":[{"name":"Content-Type","value":"application/json"},{"name":"Accept","value":"application/json"},{"name":"Travelduqa-Version","value":"v1"}],"authentication":{"type":"bearer","token":"{{ _.base_token }}"},"metaSortKey":-1696505438488,"isPrivate":false,"settingStoreCookies":true,"settingSendCookies":true,"settingDisableRenderRequestBody":false,"settingEncodeUrl":true,"settingRebuildPath":true,"settingFollowRedirects":"global","_type":"request"},{"_id":"req_dec3f3bc13b54ed8a6129fdf15ce4190","parentId":"wrk_791bd24e3289417699cc254ac9d518d6","modified":1696493634997,"created":1696493199435,"url":"{{ _.base_url }}getBooking","name":"Get Booking State","description":"Get Booking State.\nThis method retrives an already booked order using the booking ID.\n\nNOTE: The booking must have been done and exists, this will return a booking in Hold or Sussess state.","method":"POST","body":{"mimeType":"application/json","text":"{\n\t\t\"id\" : \"{{ _.order_id }}\"\n}"},"parameters":[],"headers":[{"name":"Content-Type","value":"application/json"},{"name":"Accept","value":"application/json"},{"name":"Travelduqa-Version","value":"v1"}],"authentication":{"type":"bearer","token":"{{ _.base_token }}"},"metaSortKey":-1696493199435,"isPrivate":false,"settingStoreCookies":true,"settingSendCookies":true,"settingDisableRenderRequestBody":false,"settingEncodeUrl":true,"settingRebuildPath":true,"settingFollowRedirects":"global","_type":"request"},{"_id":"req_63e2ec0d89074d3ab265bb3c9d9d9955","parentId":"wrk_791bd24e3289417699cc254ac9d518d6","modified":1693199250723,"created":1693197735771,"url":"{{ _.base_url }}createBooking","name":"Create Booking","description":"This creates a booking based on a specific offer selected with the requsted ID and offer ID.\nThis will include the passenger details and type.\n\nNOTE: Must have enough amount in your wallet based on the amount on the offer.\n\nNOTE: The first passenger must contain the contact details (Email and Phone number)\n\nPayment section with amount, currency and type as (balance) for instant payment based on the offer selected and the amount. ","method":"POST","body":{"mimeType":"application/json","text":"{\n  \"result_id\": \"{{ _.result_id }}\",\n  \"offer_id\": \"{{ _.offer_id }}\",\n  \"passengers\": [\n    {\n      \"phone_number\": \"701268235\",\n      \"phone_code\": \"+254\",\n      \"email\": \"vitalis@travelduqa.africa\",\n      \"born_on\": \"1990-08-18\",\n      \"title\": \"Mr\",\n      \"gender\": \"male\",\n      \"family_name\": \"Kwena\",\n      \"given_name\": \"Vitalis\",\n      \"type\": \"adult\"\n    },\n    {\n      \"born_on\": \"1996-06-09\",\n      \"title\": \"Mr\",\n      \"gender\": \"male\",\n      \"family_name\": \"Shiro\",\n      \"given_name\": \"Abuti\",\n      \"type\": \"adult\"\n    }\n  ],\n  \"payments\": {\n    \"type\": \"balance\",\n    \"currency\": \"KES\",\n    \"amount\": \"{{ _.offer_amount }}\"\n  }\n}"},"parameters":[],"headers":[{"name":"Content-Type","value":"application/json"},{"name":"Accept","value":"application/json"},{"name":"Travelduqa-Version","value":"v1"}],"authentication":{"type":"bearer","token":"{{ _.base_token }}"},"metaSortKey":-1693197735771,"isPrivate":false,"settingStoreCookies":true,"settingSendCookies":true,"settingDisableRenderRequestBody":false,"settingEncodeUrl":true,"settingRebuildPath":true,"settingFollowRedirects":"global","_type":"request"},{"_id":"req_1aa3a505704647589e12590dc45d94c2","parentId":"wrk_791bd24e3289417699cc254ac9d518d6","modified":1693199235004,"created":1693198421590,"url":"{{ _.base_url }}createBooking","name":"Create Hold Booking","description":"NOTE: This method is the same as Create Booking method. On the payment body type, value must be defined as (hold). \n\nThis creates a held booking based on a specific offer selected with the requsted ID and offer ID.\nThis will include the passenger details and type.\n\nNOTE: On hold booking, correct passenger details must be defined.\n\nNOTE: The first passenger must contain the contact details (Email and Phone number)\n\nPayment section with amount, currency and type as (hold) for instant payment based on the offer selected and the amount. ","method":"POST","body":{"mimeType":"application/json","text":"{\n  \"result_id\": \"{{ _.result_id }}\",\n  \"offer_id\": \"{{ _.offer_id }}\",\n  \"passengers\": [\n    {\n      \"phone_number\": \"701268235\",\n      \"phone_code\": \"+254\",\n      \"email\": \"vitalis@travelduqa.africa\",\n      \"born_on\": \"1990-08-18\",\n      \"title\": \"Mr\",\n      \"gender\": \"male\",\n      \"family_name\": \"Kwena\",\n      \"given_name\": \"Vitalis\",\n      \"type\": \"adult\"\n    },\n    {\n      \"born_on\": \"1996-06-09\",\n      \"title\": \"Mr\",\n      \"gender\": \"male\",\n      \"family_name\": \"Shiro\",\n      \"given_name\": \"Abuti\",\n      \"type\": \"adult\"\n    }\n  ],\n  \"payments\": {\n    \"type\": \"hold\",\n    \"currency\": \"KES\",\n    \"amount\": \"{{ _.offer_amount }}\"\n  }\n}"},"parameters":[],"headers":[{"name":"Content-Type","value":"application/json"},{"name":"Accept","value":"application/json"},{"name":"Travelduqa-Version","value":"v1"}],"authentication":{"type":"bearer","token":"{{ _.base_token }}"},"metaSortKey":-1693197322121,"isPrivate":false,"settingStoreCookies":true,"settingSendCookies":true,"settingDisableRenderRequestBody":false,"settingEncodeUrl":true,"settingRebuildPath":true,"settingFollowRedirects":"global","_type":"request"},{"_id":"req_52839b1501d34f5f91f88dbc20d795b8","parentId":"wrk_791bd24e3289417699cc254ac9d518d6","modified":1693197330123,"created":1693196908471,"url":"{{ _.base_url }}selectOffer","name":"Select Offer","description":"This selects a specific offer based on the result ID and offer ID returned after get offers. \nThis shows more details about the offer","method":"POST","body":{"mimeType":"application/json","text":"{\n\t\t\"result_id\": \"{{ _.result_id }}\",\n\t\t\"offer_id\": \"{{ _.offer_id }}\"\n}"},"parameters":[],"headers":[{"name":"Content-Type","value":"application/json"},{"name":"Accept","value":"application/json"},{"name":"Travelduqa-Version","value":"v1"}],"authentication":{"type":"bearer","token":"{{ _.base_token }}"},"metaSortKey":-1693196908471,"isPrivate":false,"settingStoreCookies":true,"settingSendCookies":true,"settingDisableRenderRequestBody":false,"settingEncodeUrl":true,"settingRebuildPath":true,"settingFollowRedirects":"global","_type":"request"},{"_id":"req_3231ded37ac64287ab8daa370a52ac3a","parentId":"wrk_791bd24e3289417699cc254ac9d518d6","modified":1696481157907,"created":1693196434658,"url":"{{ _.base_url }}getOffers","name":"Get Offers","description":"Get all available airline offers based on your search creteria","method":"POST","body":{"mimeType":"application/json","text":"{\n\t\t\t\"journey\": {\n\t\t\t\t\"flight_type\": \"oneway\",\n\t\t\t\t\"cabin_class\": \"economy\",\n\t\t\t\t\"depature\": \"NBO\",\n\t\t\t\t\"arrival\": \"MBA\",\n\t\t\t\t\"depature_date\": \"2023-11-05\",\n\t\t\t\t\"arrival_date\": \"-\",\n\t\t\t\t\"adult_count\": 2,\n\t\t\t\t\"child_count\": 0,\n\t\t\t\t\"infant_count\": 0,\n\t\t\t\t\"currency\": \"KES\"\n\t\t\t}\n\t\t}"},"parameters":[],"headers":[{"name":"Content-Type","value":"application/json"},{"name":"Accept","value":"application/json"},{"name":"Travelduqa-Version","value":"v1"}],"authentication":{"type":"bearer","token":"{{ _.base_token }}"},"metaSortKey":-1693196434658,"isPrivate":false,"settingStoreCookies":true,"settingSendCookies":true,"settingDisableRenderRequestBody":false,"settingEncodeUrl":true,"settingRebuildPath":true,"settingFollowRedirects":"global","_type":"request"},{"_id":"env_dc857d10d96955f5afa2741bdb9b780ffbfb685d","parentId":"wrk_791bd24e3289417699cc254ac9d518d6","modified":1693196314043,"created":1693196267137,"name":"Base Environment","data":{},"dataPropertyOrder":{},"color":null,"isPrivate":false,"metaSortKey":1693196267137,"_type":"environment"},{"_id":"jar_dc857d10d96955f5afa2741bdb9b780ffbfb685d","parentId":"wrk_791bd24e3289417699cc254ac9d518d6","modified":1693196841685,"created":1693196267141,"name":"Default Jar","cookies":[{"key":"PHPSESSID","value":"950c2a03491a337414478a30f7bb8c9b","domain":"www.app.travelduqa.africa","path":"/","secure":true,"hostOnly":true,"creation":"2023-08-28T04:27:21.683Z","lastAccessed":"2023-08-28T04:27:21.683Z","id":"8527998735611664"}],"_type":"cookie_jar"},{"_id":"env_cbcbd46615334b269e970d49c28c98eb","parentId":"env_dc857d10d96955f5afa2741bdb9b780ffbfb685d","modified":1696493700144,"created":1693196322097,"name":"Travelduqaconnect","data":{"base_url":"https://www.app.travelduqa.africa/connect/","base_token":"travelduqa_test_91e20d09f9e7b789bdbbadf6109d0733898322ed35dffde007e4aa3b496de7500b2c9021f1d8074e0d68e810bdd8e3c0eeabe3fb82de","result_id":"result_a0877e535bec5e6b73c72b7b1311c400336d5ebc5436534e61d16e63ddfca3274469b3501ccab53d64da56de2f9bb5b7","offer_id":"off_3506265da37468f2367996d23d83f146","offer_amount":5460,"order_id":"ord_46536031"},"dataPropertyOrder":{"&":["base_url","base_token","result_id","offer_id","offer_amount","order_id"]},"color":null,"isPrivate":false,"metaSortKey":1693196322097,"_type":"environment"}]}